{
	"Gate Swap" : [],
	"Ref Des" : [],
	"Pin Swap" : [
		{
			"Name" : "U2.38",
			"C_PATH" : "@egr314_carteroneill.schematic1(sch_1):ins112534@library1.\\esp32_wroom_cbo.normal\\(chips):RXDO",
			"Logical" : "U2.38",
			"Physical" : "U2.36"
		},
		{
			"Name" : "U2.39",
			"C_PATH" : "@egr314_carteroneill.schematic1(sch_1):ins112534@library1.\\esp32_wroom_cbo.normal\\(chips):TXDO",
			"Logical" : "U2.39",
			"Physical" : "U2.37"
		},
		{
			"Name" : "U2.36",
			"C_PATH" : "@egr314_carteroneill.schematic1(sch_1):ins112534@library1.\\esp32_wroom_cbo.normal\\(chips):IO1",
			"Logical" : "U2.36",
			"Physical" : "U2.39"
		},
		{
			"Name" : "U2.37",
			"C_PATH" : "@egr314_carteroneill.schematic1(sch_1):ins112534@library1.\\esp32_wroom_cbo.normal\\(chips):IO2",
			"Logical" : "U2.37",
			"Physical" : "U2.38"
		}
	],
	"Component Property" : [],
	"Net Property" : [],
	"Pin Property" : [],
	"Component" : [],
	"Net" : [],
	"Connection" : []
}
